Company,Website,Email,Country,Type,scraped_at
1С,https://www.1c.ru,,Russia,Software / ERP,2026-05-14 12:25:17
Яндекс,https://www.yandex.ru,autovybor.pr@yandex.ru,Russia,Technology / Internet,2026-05-14 12:25:17
Яндекс,https://www.yandex.ru,burtsew.pav@yandex.ru,Russia,Technology / Internet,2026-05-14 12:25:17
Яндекс,https://www.yandex.ru,dzen-pro-bv-stella@3x.png,Russia,Technology / Internet,2026-05-14 12:25:17
Яндекс,https://www.yandex.ru,info@ugona.net,Russia,Technology / Internet,2026-05-14 12:25:17
Яндекс,https://www.yandex.ru,modal-emoji-left@3x.png,Russia,Technology / Internet,2026-05-14 12:25:17
Яндекс,https://www.yandex.ru,modal-emoji-right@3x.png,Russia,Technology / Internet,2026-05-14 12:25:17
Яндекс,https://www.yandex.ru,modal-emoji@3x.png,Russia,Technology / Internet,2026-05-14 12:25:17
Яндекс,https://www.yandex.ru,nllesya86@yandex.ru,Russia,Technology / Internet,2026-05-14 12:25:17
Яндекс,https://www.yandex.ru,pochinka78@mail.ru,Russia,Technology / Internet,2026-05-14 12:25:17
Яндекс,https://www.yandex.ru,pr.vovque@gmail.com,Russia,Technology / Internet,2026-05-14 12:25:17
Яндекс,https://www.yandex.ru,sales@sferacar.ru,Russia,Technology / Internet,2026-05-14 12:25:17
Яндекс,https://www.yandex.ru,vasily.mishlen@gmail.com,Russia,Technology / Internet,2026-05-14 12:25:17
Яндекс,https://www.yandex.ru,yuzinovieva@gmail.com,Russia,Technology / Internet,2026-05-14 12:25:17
Kaspersky Lab,https://www.kaspersky.ru,empr@kaspersky.com,Russia,Cybersecurity,2026-05-14 12:25:17
Kaspersky Lab,https://www.kaspersky.ru,enquiry.sea@kaspersky.com,Russia,Cybersecurity,2026-05-14 12:25:17
Kaspersky Lab,https://www.kaspersky.ru,info@kaspersky.com,Russia,Cybersecurity,2026-05-14 12:25:17
Kaspersky Lab,https://www.kaspersky.ru,info@kaspersky.de,Russia,Cybersecurity,2026-05-14 12:25:17
Kaspersky Lab,https://www.kaspersky.ru,sale@kaspersky.com,Russia,Cybersecurity,2026-05-14 12:25:17
Kaspersky Lab,https://www.kaspersky.ru,u003einfo@kaspersky.com,Russia,Cybersecurity,2026-05-14 12:25:17
EPAM Systems,https://www.epam.com,,Russia,IT Services,2026-05-14 12:25:17
Softline,https://www.softline.ru,edusales@softline.ru,Russia,IT Distribution,2026-05-14 12:25:17
Softline,https://www.softline.ru,info.spb@softline.com,Russia,IT Distribution,2026-05-14 12:25:17
Softline,https://www.softline.ru,info@allsoft.ru,Russia,IT Distribution,2026-05-14 12:25:17
Softline,https://www.softline.ru,info@softline.com,Russia,IT Distribution,2026-05-14 12:25:17
Softline,https://www.softline.ru,sales@softline.ru,Russia,IT Distribution,2026-05-14 12:25:17
Ростелеком,https://www.rostelecom.ru,,Russia,Telecom,2026-05-14 12:25:17
МТС,https://www.mts.ru,,Russia,Telecom,2026-05-14 12:25:17
Билайн,https://www.beeline.ru,otvet@beeline.ru,Russia,Telecom,2026-05-14 12:25:17
МегаФон,https://www.megafon.ru,info@megafon.ru,Russia,Telecom,2026-05-14 12:25:17
Сбер Бизнес,https://www.sberbank.ru/ru/s_m_business,,Russia,Banking / Fintech,2026-05-14 12:25:17
ВТБ Бизнес,https://www.vtb.ru/malyj-biznes,,Russia,Banking / Fintech,2026-05-14 12:25:17
Тинькофф Бизнес,https://www.tinkoff.ru/business,,Russia,Banking / Fintech,2026-05-14 12:25:17
Контур,https://www.kontur.ru,,Russia,Software / SaaS,2026-05-14 12:25:17
КРОК,https://www.croc.ru,,Russia,IT Services,2026-05-14 12:25:17
Ланит,https://www.lanit.ru,event@lanit.ru,Russia,IT Services,2026-05-14 12:25:17
Ланит,https://www.lanit.ru,lanit@lanit.ru,Russia,IT Services,2026-05-14 12:25:17
Ланит,https://www.lanit.ru,pressa@lanit.ru,Russia,IT Services,2026-05-14 12:25:17
Ланит,https://www.lanit.ru,ventures@lanit.ru,Russia,IT Services,2026-05-14 12:25:17
Техносерв,https://www.technoserv.com,,Russia,IT Services,2026-05-14 12:25:17
Инфосистемы Джет,https://www.jet.su,about-us-bg@2x-min.png,Russia,IT Services,2026-05-14 12:25:17
Инфосистемы Джет,https://www.jet.su,digital@jet.su,Russia,IT Services,2026-05-14 12:25:17
Инфосистемы Джет,https://www.jet.su,info@jet.su,Russia,IT Services,2026-05-14 12:25:17
Инфосистемы Джет,https://www.jet.su,journal@jet.su,Russia,IT Services,2026-05-14 12:25:17
Инфосистемы Джет,https://www.jet.su,pin-mobile@2x.png,Russia,IT Services,2026-05-14 12:25:17
Инфосистемы Джет,https://www.jet.su,projectsmaskbig@2x.png,Russia,IT Services,2026-05-14 12:25:17
Инфосистемы Джет,https://www.jet.su,projectsmaskbig@2x.webp,Russia,IT Services,2026-05-14 12:25:17
АйТеко,https://www.aiteco.ru,,Russia,IT Services,2026-05-14 12:25:17
ICL Services,https://www.icl-services.com,03@itgid.net,Russia,IT Services,2026-05-14 12:25:17
ICL Services,https://www.icl-services.com,1@serbis.ru,Russia,IT Services,2026-05-14 12:25:17
ICL Services,https://www.icl-services.com,202394@mail.ru,Russia,IT Services,2026-05-14 12:25:17
ICL Services,https://www.icl-services.com,244904@uk2.ru,Russia,IT Services,2026-05-14 12:25:17
ICL Services,https://www.icl-services.com,a.zonov@gsgroup.it,Russia,IT Services,2026-05-14 12:25:17
ICL Services,https://www.icl-services.com,admin@chita.so-ups.ru,Russia,IT Services,2026-05-14 12:25:17
ICL Services,https://www.icl-services.com,admin@expert-ast.ru,Russia,IT Services,2026-05-14 12:25:17
ICL Services,https://www.icl-services.com,apo@autograph.com.ru,Russia,IT Services,2026-05-14 12:25:17
ICL Services,https://www.icl-services.com,arshavskiy@konkorde.ru,Russia,IT Services,2026-05-14 12:25:17
ICL Services,https://www.icl-services.com,bds@techsupport66.ru,Russia,IT Services,2026-05-14 12:25:17
ICL Services,https://www.icl-services.com,belgorod@vesynn.ru,Russia,IT Services,2026-05-14 12:25:17
ICL Services,https://www.icl-services.com,compecc@mail.ru,Russia,IT Services,2026-05-14 12:25:17
ICL Services,https://www.icl-services.com,copy@kid-service.ru,Russia,IT Services,2026-05-14 12:25:17
ICL Services,https://www.icl-services.com,denser@slavich-tver.ru,Russia,IT Services,2026-05-14 12:25:17
ICL Services,https://www.icl-services.com,dj_maklai@mail.ru,Russia,IT Services,2026-05-14 12:25:17
ICL Services,https://www.icl-services.com,dkazmerchuk@ittula.ru,Russia,IT Services,2026-05-14 12:25:17
ICL Services,https://www.icl-services.com,dtc@kis.ru,Russia,IT Services,2026-05-14 12:25:17
ICL Services,https://www.icl-services.com,eivanova@i-cs.ru,Russia,IT Services,2026-05-14 12:25:17
ICL Services,https://www.icl-services.com,ermakov.roman.smolensk@gmail.com,Russia,IT Services,2026-05-14 12:25:17
ICL Services,https://www.icl-services.com,help@itgid.net,Russia,IT Services,2026-05-14 12:25:17
ICL Services,https://www.icl-services.com,info@csabakan.ru,Russia,IT Services,2026-05-14 12:25:17
ICL Services,https://www.icl-services.com,info@dalsprint.ru,Russia,IT Services,2026-05-14 12:25:17
ICL Services,https://www.icl-services.com,info@dataservice.kz,Russia,IT Services,2026-05-14 12:25:17
ICL Services,https://www.icl-services.com,info@faktum.tech,Russia,IT Services,2026-05-14 12:25:17
ICL Services,https://www.icl-services.com,info@it-systems.me,Russia,IT Services,2026-05-14 12:25:17
ICL Services,https://www.icl-services.com,info@itsaratov.ru,Russia,IT Services,2026-05-14 12:25:17
ICL Services,https://www.icl-services.com,info@itsfera79.ru,Russia,IT Services,2026-05-14 12:25:17
ICL Services,https://www.icl-services.com,info@maxima-service.com,Russia,IT Services,2026-05-14 12:25:17
ICL Services,https://www.icl-services.com,info@nexcomp.ru,Russia,IT Services,2026-05-14 12:25:17
ICL Services,https://www.icl-services.com,info@pechatnik.me,Russia,IT Services,2026-05-14 12:25:17
ICL Services,https://www.icl-services.com,info@positec.ru,Russia,IT Services,2026-05-14 12:25:17
ICL Services,https://www.icl-services.com,info@uralinfocom.ru,Russia,IT Services,2026-05-14 12:25:17
ICL Services,https://www.icl-services.com,it@uk2.ru,Russia,IT Services,2026-05-14 12:25:17
ICL Services,https://www.icl-services.com,ka@faktum.tech,Russia,IT Services,2026-05-14 12:25:17
ICL Services,https://www.icl-services.com,ken@everest.kaluga.ru,Russia,IT Services,2026-05-14 12:25:17
ICL Services,https://www.icl-services.com,konkorde@konkorde.ru,Russia,IT Services,2026-05-14 12:25:17
ICL Services,https://www.icl-services.com,kotov@izhevsk.rss.ru,Russia,IT Services,2026-05-14 12:25:17
ICL Services,https://www.icl-services.com,kvartet@mail.ru,Russia,IT Services,2026-05-14 12:25:17
ICL Services,https://www.icl-services.com,kvv@it-systems.me,Russia,IT Services,2026-05-14 12:25:17
ICL Services,https://www.icl-services.com,kwert@kwert.ru,Russia,IT Services,2026-05-14 12:25:17
ICL Services,https://www.icl-services.com,mab@s-pl.ru,Russia,IT Services,2026-05-14 12:25:17
ICL Services,https://www.icl-services.com,mail@lan-office.ru,Russia,IT Services,2026-05-14 12:25:17
ICL Services,https://www.icl-services.com,mamakaev@yandex.ru,Russia,IT Services,2026-05-14 12:25:17
ICL Services,https://www.icl-services.com,mango@it-yug.ru,Russia,IT Services,2026-05-14 12:25:17
ICL Services,https://www.icl-services.com,mdc@mdcsamara.ru,Russia,IT Services,2026-05-14 12:25:17
ICL Services,https://www.icl-services.com,msa@inbox.ru,Russia,IT Services,2026-05-14 12:25:17
ICL Services,https://www.icl-services.com,murmansk@promsvet.ru,Russia,IT Services,2026-05-14 12:25:17
ICL Services,https://www.icl-services.com,muzraev888@gmail.com,Russia,IT Services,2026-05-14 12:25:17
ICL Services,https://www.icl-services.com,mva@mm-service.ru,Russia,IT Services,2026-05-14 12:25:17
ICL Services,https://www.icl-services.com,natalia@zeongroup.ru,Russia,IT Services,2026-05-14 12:25:17
ICL Services,https://www.icl-services.com,nkorol@2k.ru,Russia,IT Services,2026-05-14 12:25:17
ICL Services,https://www.icl-services.com,ntcomp32@gmail.com,Russia,IT Services,2026-05-14 12:25:17
ICL Services,https://www.icl-services.com,office@lsintez-magadan.ru,Russia,IT Services,2026-05-14 12:25:17
ICL Services,https://www.icl-services.com,post@sfera33.ru,Russia,IT Services,2026-05-14 12:25:17
ICL Services,https://www.icl-services.com,pr@icl-services.com,Russia,IT Services,2026-05-14 12:25:17
ICL Services,https://www.icl-services.com,r68.dock@mail.ru,Russia,IT Services,2026-05-14 12:25:17
ICL Services,https://www.icl-services.com,rccpenza@yandex.ru,Russia,IT Services,2026-05-14 12:25:17
ICL Services,https://www.icl-services.com,red-surgut@mail.ru,Russia,IT Services,2026-05-14 12:25:17
ICL Services,https://www.icl-services.com,remont_ts@firmaac.ru,Russia,IT Services,2026-05-14 12:25:17
ICL Services,https://www.icl-services.com,rsc@rsc-shop.ru,Russia,IT Services,2026-05-14 12:25:17
ICL Services,https://www.icl-services.com,rss@moris.ru,Russia,IT Services,2026-05-14 12:25:17
ICL Services,https://www.icl-services.com,sc.support@icl-services.com,Russia,IT Services,2026-05-14 12:25:17
ICL Services,https://www.icl-services.com,sergeeva@microlana.ru,Russia,IT Services,2026-05-14 12:25:17
ICL Services,https://www.icl-services.com,service1.nch@fortdialog.ru,Russia,IT Services,2026-05-14 12:25:17
ICL Services,https://www.icl-services.com,service@compas.com.ru,Russia,IT Services,2026-05-14 12:25:17
ICL Services,https://www.icl-services.com,service@faktum.tech,Russia,IT Services,2026-05-14 12:25:17
ICL Services,https://www.icl-services.com,service@ptz.rss.ru,Russia,IT Services,2026-05-14 12:25:17
ICL Services,https://www.icl-services.com,service@s-pl.ru,Russia,IT Services,2026-05-14 12:25:17
ICL Services,https://www.icl-services.com,service@servicekmv.ru,Russia,IT Services,2026-05-14 12:25:17
ICL Services,https://www.icl-services.com,service@tf-tan.ru,Russia,IT Services,2026-05-14 12:25:17
ICL Services,https://www.icl-services.com,service@tpko.ru,Russia,IT Services,2026-05-14 12:25:17
ICL Services,https://www.icl-services.com,support@skorona.ru,Russia,IT Services,2026-05-14 12:25:17
ICL Services,https://www.icl-services.com,tashiev.anvar@softex.ru,Russia,IT Services,2026-05-14 12:25:17
ICL Services,https://www.icl-services.com,tech@freecom.ru,Russia,IT Services,2026-05-14 12:25:17
ICL Services,https://www.icl-services.com,tehno32@gmail.com,Russia,IT Services,2026-05-14 12:25:17
ICL Services,https://www.icl-services.com,ticker23@mail.ru,Russia,IT Services,2026-05-14 12:25:17
ICL Services,https://www.icl-services.com,tutynina@tpko.ru,Russia,IT Services,2026-05-14 12:25:17
ICL Services,https://www.icl-services.com,v.kryuchko@klamas.ru,Russia,IT Services,2026-05-14 12:25:17
ICL Services,https://www.icl-services.com,v_markowa@rambler.ru,Russia,IT Services,2026-05-14 12:25:17
ICL Services,https://www.icl-services.com,vadg@rambler.ru,Russia,IT Services,2026-05-14 12:25:17
ICL Services,https://www.icl-services.com,vendor@navigator13.ru,Russia,IT Services,2026-05-14 12:25:17
ICL Services,https://www.icl-services.com,zg.dock@mail.ru,Russia,IT Services,2026-05-14 12:25:17
ICL Services,https://www.icl-services.com,zhikinaa@rsc-shop.ru,Russia,IT Services,2026-05-14 12:25:17
ICL Services,https://www.icl-services.com,zpr2009@yandex.ru,Russia,IT Services,2026-05-14 12:25:17
Luxoft,https://www.luxoft.com,,Russia,IT Services,2026-05-14 12:25:17
DataArt,https://www.dataart.com,careers.beg@dataart.com,Russia,IT Services,2026-05-14 12:25:17
DataArt,https://www.dataart.com,careers.bengaluru@dataart.com,Russia,IT Services,2026-05-14 12:25:17
DataArt,https://www.dataart.com,careers.lodz@dataart.com,Russia,IT Services,2026-05-14 12:25:17
DataArt,https://www.dataart.com,careers.yerevan@dataart.com,Russia,IT Services,2026-05-14 12:25:17
DataArt,https://www.dataart.com,ch-sales@dataart.com,Russia,IT Services,2026-05-14 12:25:17
DataArt,https://www.dataart.com,cluj-office@dataart.com,Russia,IT Services,2026-05-14 12:25:17
DataArt,https://www.dataart.com,de-sales@dataart.com,Russia,IT Services,2026-05-14 12:25:17
DataArt,https://www.dataart.com,dubai-sales@dataart.com,Russia,IT Services,2026-05-14 12:25:17
DataArt,https://www.dataart.com,hr-alm@dataart.com,Russia,IT Services,2026-05-14 12:25:17
DataArt,https://www.dataart.com,hr-ast@dataart.com,Russia,IT Services,2026-05-14 12:25:17
DataArt,https://www.dataart.com,hr-cyprus@dataart.com,Russia,IT Services,2026-05-14 12:25:17
DataArt,https://www.dataart.com,hr-dp@dataart.com,Russia,IT Services,2026-05-14 12:25:17
DataArt,https://www.dataart.com,hr-kh@dataart.com,Russia,IT Services,2026-05-14 12:25:17
DataArt,https://www.dataart.com,hr-krakow@dataart.com,Russia,IT Services,2026-05-14 12:25:17
DataArt,https://www.dataart.com,hr-kyiv@dataart.com,Russia,IT Services,2026-05-14 12:25:17
DataArt,https://www.dataart.com,hr-lublin@dataart.com,Russia,IT Services,2026-05-14 12:25:17
DataArt,https://www.dataart.com,hr-lviv@dataart.com,Russia,IT Services,2026-05-14 12:25:17
DataArt,https://www.dataart.com,hr-mty@dataart.com,Russia,IT Services,2026-05-14 12:25:17
DataArt,https://www.dataart.com,hr-od@dataart.com,Russia,IT Services,2026-05-14 12:25:17
DataArt,https://www.dataart.com,hr-riga@dataart.com,Russia,IT Services,2026-05-14 12:25:17
DataArt,https://www.dataart.com,hr-sf@dataart.com,Russia,IT Services,2026-05-14 12:25:17
DataArt,https://www.dataart.com,hr-vna@dataart.com,Russia,IT Services,2026-05-14 12:25:17
DataArt,https://www.dataart.com,hr-waw@dataart.com,Russia,IT Services,2026-05-14 12:25:17
DataArt,https://www.dataart.com,hr-wroclaw@dataart.com,Russia,IT Services,2026-05-14 12:25:17
DataArt,https://www.dataart.com,new-york@dataart.com,Russia,IT Services,2026-05-14 12:25:17
DataArt,https://www.dataart.com,orlando@dataart.com,Russia,IT Services,2026-05-14 12:25:17
DataArt,https://www.dataart.com,sales@dataart.com,Russia,IT Services,2026-05-14 12:25:17
DataArt,https://www.dataart.com,uk-sales@dataart.com,Russia,IT Services,2026-05-14 12:25:17
Positive Technologies,https://www.ptsecurity.com,u003exspider@ptsecurity.com,Russia,Cybersecurity,2026-05-14 12:25:17
InfoWatch,https://www.infowatch.ru,info@infowatch.ru,Russia,Cybersecurity,2026-05-14 12:25:17
Доктор Веб,https://www.drweb.ru,,Russia,Cybersecurity,2026-05-14 12:25:17
Aqua Security,https://www.aquasec.com,,Russia,Cybersecurity,2026-05-14 12:25:17
Галактика,https://www.galaktika.ru,market@galaktika.ru,Russia,Software / ERP,2026-05-14 12:25:17
Галактика,https://www.galaktika.ru,market@topsoft.by,Russia,Software / ERP,2026-05-14 12:25:17
Галактика,https://www.galaktika.ru,support@topsoft.by,Russia,Software / ERP,2026-05-14 12:25:17
Парус,https://www.parus.com,office@parus.com,Russia,Software / ERP,2026-05-14 12:25:17
Диасофт,https://www.diasoft.ru,info@diasoft.ru,Russia,Software / Fintech,2026-05-14 12:25:17
Диасофт,https://www.diasoft.ru,pr@diasoft.ru,Russia,Software / Fintech,2026-05-14 12:25:17
ЦФТ (Центр Финансовых Технологий),https://www.cft.ru,market@cft.ru,Russia,Software / Fintech,2026-05-14 12:25:17
ЦФТ (Центр Финансовых Технологий),https://www.cft.ru,moscow@cft.ru,Russia,Software / Fintech,2026-05-14 12:25:17
ЦФТ (Центр Финансовых Технологий),https://www.cft.ru,personal@persproject.ru,Russia,Software / Fintech,2026-05-14 12:25:17
Terrasoft (Creatio),https://www.creatio.com,employee-01@1x.png,Russia,CRM / SaaS,2026-05-14 12:25:17
Terrasoft (Creatio),https://www.creatio.com,employee-01@2x.png,Russia,CRM / SaaS,2026-05-14 12:25:17
Terrasoft (Creatio),https://www.creatio.com,employee-02@1x.png,Russia,CRM / SaaS,2026-05-14 12:25:17
Terrasoft (Creatio),https://www.creatio.com,employee-02@2x.png,Russia,CRM / SaaS,2026-05-14 12:25:17
Terrasoft (Creatio),https://www.creatio.com,employee-03@1x.png,Russia,CRM / SaaS,2026-05-14 12:25:17
Terrasoft (Creatio),https://www.creatio.com,employee-03@2x.png,Russia,CRM / SaaS,2026-05-14 12:25:17
Terrasoft (Creatio),https://www.creatio.com,employee-04@1x.png,Russia,CRM / SaaS,2026-05-14 12:25:17
Terrasoft (Creatio),https://www.creatio.com,employee-04@2x.png,Russia,CRM / SaaS,2026-05-14 12:25:17
Terrasoft (Creatio),https://www.creatio.com,employee-05@1x.png,Russia,CRM / SaaS,2026-05-14 12:25:17
Terrasoft (Creatio),https://www.creatio.com,employee-05@2x.png,Russia,CRM / SaaS,2026-05-14 12:25:17
Terrasoft (Creatio),https://www.creatio.com,employee-06@1x.png,Russia,CRM / SaaS,2026-05-14 12:25:17
Terrasoft (Creatio),https://www.creatio.com,employee-06@2x.png,Russia,CRM / SaaS,2026-05-14 12:25:17
Terrasoft (Creatio),https://www.creatio.com,employee-07@1x.png,Russia,CRM / SaaS,2026-05-14 12:25:17
Terrasoft (Creatio),https://www.creatio.com,employee-07@2x.png,Russia,CRM / SaaS,2026-05-14 12:25:17
Terrasoft (Creatio),https://www.creatio.com,employee-08@1x.png,Russia,CRM / SaaS,2026-05-14 12:25:17
Terrasoft (Creatio),https://www.creatio.com,employee-08@2x.png,Russia,CRM / SaaS,2026-05-14 12:25:17
Terrasoft (Creatio),https://www.creatio.com,employee-09@1x.png,Russia,CRM / SaaS,2026-05-14 12:25:17
Terrasoft (Creatio),https://www.creatio.com,employee-09@2x.png,Russia,CRM / SaaS,2026-05-14 12:25:17
Terrasoft (Creatio),https://www.creatio.com,employee-10@1x.png,Russia,CRM / SaaS,2026-05-14 12:25:17
Terrasoft (Creatio),https://www.creatio.com,employee-10@2x.png,Russia,CRM / SaaS,2026-05-14 12:25:17
Terrasoft (Creatio),https://www.creatio.com,employee-11@1x.png,Russia,CRM / SaaS,2026-05-14 12:25:17
Terrasoft (Creatio),https://www.creatio.com,employee-11@2x.png,Russia,CRM / SaaS,2026-05-14 12:25:17
Terrasoft (Creatio),https://www.creatio.com,employee-13@1x.png,Russia,CRM / SaaS,2026-05-14 12:25:17
Terrasoft (Creatio),https://www.creatio.com,employee-13@2x.png,Russia,CRM / SaaS,2026-05-14 12:25:17
Terrasoft (Creatio),https://www.creatio.com,employee-14@1x.png,Russia,CRM / SaaS,2026-05-14 12:25:17
Terrasoft (Creatio),https://www.creatio.com,employee-14@2x.png,Russia,CRM / SaaS,2026-05-14 12:25:17
Terrasoft (Creatio),https://www.creatio.com,employee-15@1x.png,Russia,CRM / SaaS,2026-05-14 12:25:17
Terrasoft (Creatio),https://www.creatio.com,employee-15@2x.png,Russia,CRM / SaaS,2026-05-14 12:25:17
Terrasoft (Creatio),https://www.creatio.com,employee-16@1x.png,Russia,CRM / SaaS,2026-05-14 12:25:17
Terrasoft (Creatio),https://www.creatio.com,employee-16@2x.png,Russia,CRM / SaaS,2026-05-14 12:25:17
Terrasoft (Creatio),https://www.creatio.com,employee-17@1x.png,Russia,CRM / SaaS,2026-05-14 12:25:17
Terrasoft (Creatio),https://www.creatio.com,employee-17@2x.png,Russia,CRM / SaaS,2026-05-14 12:25:17
Terrasoft (Creatio),https://www.creatio.com,employee-19@1x.png,Russia,CRM / SaaS,2026-05-14 12:25:17
Terrasoft (Creatio),https://www.creatio.com,employee-19@2x.png,Russia,CRM / SaaS,2026-05-14 12:25:17
Terrasoft (Creatio),https://www.creatio.com,employee-20@1x.png,Russia,CRM / SaaS,2026-05-14 12:25:17
Terrasoft (Creatio),https://www.creatio.com,employee-20@2x.png,Russia,CRM / SaaS,2026-05-14 12:25:17
Terrasoft (Creatio),https://www.creatio.com,employee-21@1x.png,Russia,CRM / SaaS,2026-05-14 12:25:17
Terrasoft (Creatio),https://www.creatio.com,employee-21@2x.png,Russia,CRM / SaaS,2026-05-14 12:25:17
Terrasoft (Creatio),https://www.creatio.com,employee-22@1x.png,Russia,CRM / SaaS,2026-05-14 12:25:17
Terrasoft (Creatio),https://www.creatio.com,employee-22@2x.png,Russia,CRM / SaaS,2026-05-14 12:25:17
Terrasoft (Creatio),https://www.creatio.com,employee-23@1x.png,Russia,CRM / SaaS,2026-05-14 12:25:17
Terrasoft (Creatio),https://www.creatio.com,employee-23@2x.png,Russia,CRM / SaaS,2026-05-14 12:25:17
Terrasoft (Creatio),https://www.creatio.com,employee-24@1x.png,Russia,CRM / SaaS,2026-05-14 12:25:17
Terrasoft (Creatio),https://www.creatio.com,employee-24@2x.png,Russia,CRM / SaaS,2026-05-14 12:25:17
Terrasoft (Creatio),https://www.creatio.com,info@creatio.com,Russia,CRM / SaaS,2026-05-14 12:25:17
Terrasoft (Creatio),https://www.creatio.com,partner-01@1x.png,Russia,CRM / SaaS,2026-05-14 12:25:17
Terrasoft (Creatio),https://www.creatio.com,partner-01@2x.png,Russia,CRM / SaaS,2026-05-14 12:25:17
Terrasoft (Creatio),https://www.creatio.com,partner-02@1x.png,Russia,CRM / SaaS,2026-05-14 12:25:17
Terrasoft (Creatio),https://www.creatio.com,partner-02@2x.png,Russia,CRM / SaaS,2026-05-14 12:25:17
Terrasoft (Creatio),https://www.creatio.com,partner-03@1x.png,Russia,CRM / SaaS,2026-05-14 12:25:17
Terrasoft (Creatio),https://www.creatio.com,partner-03@2x.png,Russia,CRM / SaaS,2026-05-14 12:25:17
Terrasoft (Creatio),https://www.creatio.com,partner-04@1x.png,Russia,CRM / SaaS,2026-05-14 12:25:17
Terrasoft (Creatio),https://www.creatio.com,partner-04@2x.png,Russia,CRM / SaaS,2026-05-14 12:25:17
Terrasoft (Creatio),https://www.creatio.com,partner-05@1x.png,Russia,CRM / SaaS,2026-05-14 12:25:17
Terrasoft (Creatio),https://www.creatio.com,partner-05@2x.png,Russia,CRM / SaaS,2026-05-14 12:25:17
Terrasoft (Creatio),https://www.creatio.com,partner-06@1x.png,Russia,CRM / SaaS,2026-05-14 12:25:17
Terrasoft (Creatio),https://www.creatio.com,partner-06@2x.png,Russia,CRM / SaaS,2026-05-14 12:25:17
Terrasoft (Creatio),https://www.creatio.com,partner-07@1x.png,Russia,CRM / SaaS,2026-05-14 12:25:17
Terrasoft (Creatio),https://www.creatio.com,partner-07@2x.png,Russia,CRM / SaaS,2026-05-14 12:25:17
Terrasoft (Creatio),https://www.creatio.com,partner-08@1x.png,Russia,CRM / SaaS,2026-05-14 12:25:17
Terrasoft (Creatio),https://www.creatio.com,partner-08@2x.png,Russia,CRM / SaaS,2026-05-14 12:25:17
Terrasoft (Creatio),https://www.creatio.com,partner-09@1x.png,Russia,CRM / SaaS,2026-05-14 12:25:17
Terrasoft (Creatio),https://www.creatio.com,partner-09@2x.png,Russia,CRM / SaaS,2026-05-14 12:25:17
Terrasoft (Creatio),https://www.creatio.com,partner-10@1x.png,Russia,CRM / SaaS,2026-05-14 12:25:17
Terrasoft (Creatio),https://www.creatio.com,partner-10@2x.png,Russia,CRM / SaaS,2026-05-14 12:25:17
Terrasoft (Creatio),https://www.creatio.com,partner-11@1x.png,Russia,CRM / SaaS,2026-05-14 12:25:17
Terrasoft (Creatio),https://www.creatio.com,partner-11@2x.png,Russia,CRM / SaaS,2026-05-14 12:25:17
Terrasoft (Creatio),https://www.creatio.com,partner-12@1x.png,Russia,CRM / SaaS,2026-05-14 12:25:17
Terrasoft (Creatio),https://www.creatio.com,partner-12@2x.png,Russia,CRM / SaaS,2026-05-14 12:25:17
Terrasoft (Creatio),https://www.creatio.com,partner-13@1x.png,Russia,CRM / SaaS,2026-05-14 12:25:17
Terrasoft (Creatio),https://www.creatio.com,partner-13@2x.png,Russia,CRM / SaaS,2026-05-14 12:25:17
Terrasoft (Creatio),https://www.creatio.com,partner-14@1x.png,Russia,CRM / SaaS,2026-05-14 12:25:17
Terrasoft (Creatio),https://www.creatio.com,partner-14@2x.png,Russia,CRM / SaaS,2026-05-14 12:25:17
Terrasoft (Creatio),https://www.creatio.com,partner-15@1x.png,Russia,CRM / SaaS,2026-05-14 12:25:17
Terrasoft (Creatio),https://www.creatio.com,partner-15@2x.png,Russia,CRM / SaaS,2026-05-14 12:25:17
Terrasoft (Creatio),https://www.creatio.com,partner-16@1x.png,Russia,CRM / SaaS,2026-05-14 12:25:17
Terrasoft (Creatio),https://www.creatio.com,partner-16@2x.png,Russia,CRM / SaaS,2026-05-14 12:25:17
Terrasoft (Creatio),https://www.creatio.com,partner-17@1x.png,Russia,CRM / SaaS,2026-05-14 12:25:17
Terrasoft (Creatio),https://www.creatio.com,partner-17@2x.png,Russia,CRM / SaaS,2026-05-14 12:25:17
Terrasoft (Creatio),https://www.creatio.com,partner-18@1x.png,Russia,CRM / SaaS,2026-05-14 12:25:17
Terrasoft (Creatio),https://www.creatio.com,partner-18@2x.png,Russia,CRM / SaaS,2026-05-14 12:25:17
Terrasoft (Creatio),https://www.creatio.com,partner-19@1x.png,Russia,CRM / SaaS,2026-05-14 12:25:17
Terrasoft (Creatio),https://www.creatio.com,partner-19@2x.png,Russia,CRM / SaaS,2026-05-14 12:25:17
Terrasoft (Creatio),https://www.creatio.com,partner-20@1x.png,Russia,CRM / SaaS,2026-05-14 12:25:17
Terrasoft (Creatio),https://www.creatio.com,partner-20@2x.png,Russia,CRM / SaaS,2026-05-14 12:25:17
Terrasoft (Creatio),https://www.creatio.com,partner-21@1x.png,Russia,CRM / SaaS,2026-05-14 12:25:17
Terrasoft (Creatio),https://www.creatio.com,partner-21@2x.png,Russia,CRM / SaaS,2026-05-14 12:25:17
Terrasoft (Creatio),https://www.creatio.com,partner-22@1x.png,Russia,CRM / SaaS,2026-05-14 12:25:17
Terrasoft (Creatio),https://www.creatio.com,partner-22@2x.png,Russia,CRM / SaaS,2026-05-14 12:25:17
Terrasoft (Creatio),https://www.creatio.com,partner-23@1x.png,Russia,CRM / SaaS,2026-05-14 12:25:17
Terrasoft (Creatio),https://www.creatio.com,partner-23@2x.png,Russia,CRM / SaaS,2026-05-14 12:25:17
Terrasoft (Creatio),https://www.creatio.com,partner-24@1x.png,Russia,CRM / SaaS,2026-05-14 12:25:17
Terrasoft (Creatio),https://www.creatio.com,partner-24@2x.png,Russia,CRM / SaaS,2026-05-14 12:25:17
Terrasoft (Creatio),https://www.creatio.com,partner-25@1x.png,Russia,CRM / SaaS,2026-05-14 12:25:17
Terrasoft (Creatio),https://www.creatio.com,partner-25@2x.png,Russia,CRM / SaaS,2026-05-14 12:25:17
Terrasoft (Creatio),https://www.creatio.com,partner-26@1x.png,Russia,CRM / SaaS,2026-05-14 12:25:17
Terrasoft (Creatio),https://www.creatio.com,partner-26@2x.png,Russia,CRM / SaaS,2026-05-14 12:25:17
Terrasoft (Creatio),https://www.creatio.com,partner-27@1x.png,Russia,CRM / SaaS,2026-05-14 12:25:17
Terrasoft (Creatio),https://www.creatio.com,partner-27@2x.png,Russia,CRM / SaaS,2026-05-14 12:25:17
Terrasoft (Creatio),https://www.creatio.com,product-screen@1x.png,Russia,CRM / SaaS,2026-05-14 12:25:17
Terrasoft (Creatio),https://www.creatio.com,product-screen@1x.png.webp,Russia,CRM / SaaS,2026-05-14 12:25:17
Terrasoft (Creatio),https://www.creatio.com,product-screen@2x.png,Russia,CRM / SaaS,2026-05-14 12:25:17
Terrasoft (Creatio),https://www.creatio.com,product-screen@2x.png.webp,Russia,CRM / SaaS,2026-05-14 12:25:17
Terrasoft (Creatio),https://www.creatio.com,screen-v.3@1x.jpg,Russia,CRM / SaaS,2026-05-14 12:25:17
Terrasoft (Creatio),https://www.creatio.com,screen-v.3@1x.jpg.webp,Russia,CRM / SaaS,2026-05-14 12:25:17
Terrasoft (Creatio),https://www.creatio.com,screen-v.3@2x.jpg,Russia,CRM / SaaS,2026-05-14 12:25:17
Terrasoft (Creatio),https://www.creatio.com,screen-v.3@2x.jpg.webp,Russia,CRM / SaaS,2026-05-14 12:25:17
Битрикс24,https://www.bitrix24.ru,,Russia,CRM / SaaS,2026-05-14 12:25:17
AmoCRM,https://www.amocrm.ru,support@amocrm.ru,Russia,CRM / SaaS,2026-05-14 12:25:17
МойСклад,https://www.moysklad.ru,mkt@moysklad.ru,Russia,ERP / SaaS,2026-05-14 12:25:17
МойСклад,https://www.moysklad.ru,partners@moysklad.ru,Russia,ERP / SaaS,2026-05-14 12:25:17
МойСклад,https://www.moysklad.ru,support@moysklad.ru,Russia,ERP / SaaS,2026-05-14 12:25:17
Мегаплан,https://www.megaplan.ru,info@megaplan.by,Russia,CRM / SaaS,2026-05-14 12:25:17
Мегаплан,https://www.megaplan.ru,info@megaplan.kz,Russia,CRM / SaaS,2026-05-14 12:25:17
Мегаплан,https://www.megaplan.ru,info@megaplan.ru,Russia,CRM / SaaS,2026-05-14 12:25:17
Мегаплан,https://www.megaplan.ru,writer@megaplan.ru,Russia,CRM / SaaS,2026-05-14 12:25:17
Platforma OFD,https://www.platformaofd.ru,clients@platformaofd.ru,Russia,Fiscal Tech,2026-05-14 12:25:17
Platforma OFD,https://www.platformaofd.ru,info@platformaofd.ru,Russia,Fiscal Tech,2026-05-14 12:25:17
Platforma OFD,https://www.platformaofd.ru,partners@platformaofd.ru,Russia,Fiscal Tech,2026-05-14 12:25:17
Platforma OFD,https://www.platformaofd.ru,press@platformaofd.ru,Russia,Fiscal Tech,2026-05-14 12:25:17
Platforma OFD,https://www.platformaofd.ru,tender@platformaofd.ru,Russia,Fiscal Tech,2026-05-14 12:25:17
СБИС (Тензор),https://www.sbis.ru,hr@tensor.ru,Russia,Software / SaaS,2026-05-14 12:25:17
СБИС (Тензор),https://www.sbis.ru,partners@tensor.ru,Russia,Software / SaaS,2026-05-14 12:25:17
СБИС (Тензор),https://www.sbis.ru,tensor@tensor.ru,Russia,Software / SaaS,2026-05-14 12:25:17
Эвотор,https://www.evotor.ru,,Russia,POS / Retail Tech,2026-05-14 12:25:17
Атол,https://www.atol.ru,,Russia,POS / Retail Tech,2026-05-14 12:25:17
Транспортная компания СДЭК,https://www.cdek.ru,,Russia,Logistics,2026-05-14 12:25:17
Деловые Линии,https://www.dellin.ru,,Russia,Logistics,2026-05-14 12:25:17
ПЭК,https://www.pecom.ru,,Russia,Logistics,2026-05-14 12:25:17
Почта России Бизнес,https://www.pochta.ru/business,international_business@russianpost.ru,Russia,Logistics,2026-05-14 12:25:17
Почта России Бизнес,https://www.pochta.ru/business,u003einternational_business@russianpost.ru,Russia,Logistics,2026-05-14 12:25:17
HeadHunter (hh.ru),https://www.hh.ru,,Russia,HR / Recruitment,2026-05-14 12:25:17
SuperJob,https://www.superjob.ru,,Russia,HR / Recruitment,2026-05-14 12:25:17
Работа.ру,https://www.rabota.ru,1260@krasnoe-beloe.ru,Russia,HR / Recruitment,2026-05-14 12:25:17
Работа.ру,https://www.rabota.ru,1304546@mail.ru,Russia,HR / Recruitment,2026-05-14 12:25:17
Работа.ру,https://www.rabota.ru,5077294@inbox.ru,Russia,HR / Recruitment,2026-05-14 12:25:17
Работа.ру,https://www.rabota.ru,9999858@gmail.com,Russia,HR / Recruitment,2026-05-14 12:25:17
Работа.ру,https://www.rabota.ru,agata.burakova@yandex.ru,Russia,HR / Recruitment,2026-05-14 12:25:17
Работа.ру,https://www.rabota.ru,buktopua@mail.ru,Russia,HR / Recruitment,2026-05-14 12:25:17
Работа.ру,https://www.rabota.ru,d.chernyshova@dixy.ru,Russia,HR / Recruitment,2026-05-14 12:25:17
Работа.ру,https://www.rabota.ru,daniil.emelianov2000@mail.ru,Russia,HR / Recruitment,2026-05-14 12:25:17
Работа.ру,https://www.rabota.ru,docs@huntello.ru,Russia,HR / Recruitment,2026-05-14 12:25:17
Работа.ру,https://www.rabota.ru,drozd.mikhail1976@list.ru,Russia,HR / Recruitment,2026-05-14 12:25:17
Работа.ру,https://www.rabota.ru,ggko@yandex.ru,Russia,HR / Recruitment,2026-05-14 12:25:17
Работа.ру,https://www.rabota.ru,kadri@food-management.ru,Russia,HR / Recruitment,2026-05-14 12:25:17
Работа.ру,https://www.rabota.ru,kas@unifrost.ru,Russia,HR / Recruitment,2026-05-14 12:25:17
Работа.ру,https://www.rabota.ru,lider-istra@mail.ru,Russia,HR / Recruitment,2026-05-14 12:25:17
Работа.ру,https://www.rabota.ru,mlada-stepash@yandex-team.ru,Russia,HR / Recruitment,2026-05-14 12:25:17
Работа.ру,https://www.rabota.ru,n-alexeeva99@yandex.ru,Russia,HR / Recruitment,2026-05-14 12:25:17
Работа.ру,https://www.rabota.ru,o.devichenskaya@spetskabel.ru,Russia,HR / Recruitment,2026-05-14 12:25:17
Работа.ру,https://www.rabota.ru,oksana.mamonova@cibit.ru,Russia,HR / Recruitment,2026-05-14 12:25:17
Работа.ру,https://www.rabota.ru,park7778@yandex.ru,Russia,HR / Recruitment,2026-05-14 12:25:17
Работа.ру,https://www.rabota.ru,staer07@list.ru,Russia,HR / Recruitment,2026-05-14 12:25:17
Работа.ру,https://www.rabota.ru,tasha7070@mail.ru,Russia,HR / Recruitment,2026-05-14 12:25:17
Работа.ру,https://www.rabota.ru,zon.st@yandex.ru,Russia,HR / Recruitment,2026-05-14 12:25:17
Авито Работа,https://www.avito.ru/rabota,,Russia,HR / Recruitment,2026-05-14 12:25:17
2ГИС,https://www.2gis.ru,,Russia,Geo / Mapping SaaS,2026-05-14 12:25:17
Контур.Фокус,https://focus.kontur.ru,,Russia,Business Intelligence,2026-05-14 12:25:17
Seldon,https://www.seldon.ru,,Russia,Procurement / Tender,2026-05-14 12:25:17
Тендерплан,https://www.tenderplan.ru,info@tenderplan.ru,Russia,Procurement / Tender,2026-05-14 12:25:17
